"Source:","C:\Users\david\OneDrive\Pictures\Documents\KICAD\transistor computer v2\adder\adder.sch"
"Date:","23/01/2023 12:58:03"
"Tool:","Eeschema (5.1.9)-1"
"Generator:","C:\Program Files\KiCad\bin\scripting\plugins/bom_csv_grouped_by_value.py"
"Component Count:","83"

"Individual Components:"

"Item","Qty","Reference(s)","Value","LibPart","Footprint","Datasheet"
"","","C0","C","Device:C","Capacitor_SMD:C_0603_1608Metric_Pad1.08x0.95mm_HandSolder","~"
"","","D0","D","Device:D","Diode_SMD:D_SOD-323_HandSoldering","~"
"","","D1","D","Device:D","Diode_SMD:D_SOD-323_HandSoldering","~"
"","","D2","D","Device:D","Diode_SMD:D_SOD-323_HandSoldering","~"
"","","D3","D","Device:D","Diode_SMD:D_SOD-323_HandSoldering","~"
"","","D4","D","Device:D","Diode_SMD:D_SOD-323_HandSoldering","~"
"","","D5","D","Device:D","Diode_SMD:D_SOD-323_HandSoldering","~"
"","","D6","D","Device:D","Diode_SMD:D_SOD-323_HandSoldering","~"
"","","D7","D","Device:D","Diode_SMD:D_SOD-323_HandSoldering","~"
"","","D8","D","Device:D","Diode_SMD:D_SOD-323_HandSoldering","~"
"","","D201","D","Device:D","Diode_SMD:D_SOD-323_HandSoldering","~"
"","","D202","D","Device:D","Diode_SMD:D_SOD-323_HandSoldering","~"
"","","D203","D","Device:D","Diode_SMD:D_SOD-323_HandSoldering","~"
"","","D204","D","Device:D","Diode_SMD:D_SOD-323_HandSoldering","~"
"","","D205","D","Device:D","Diode_SMD:D_SOD-323_HandSoldering","~"
"","","D206","D","Device:D","Diode_SMD:D_SOD-323_HandSoldering","~"
"","","D207","D","Device:D","Diode_SMD:D_SOD-323_HandSoldering","~"
"","","D208","D","Device:D","Diode_SMD:D_SOD-323_HandSoldering","~"
"","","D209","D","Device:D","Diode_SMD:D_SOD-323_HandSoldering","~"
"","","D301","D","Device:D","Diode_SMD:D_SOD-323_HandSoldering","~"
"","","D302","D","Device:D","Diode_SMD:D_SOD-323_HandSoldering","~"
"","","D303","D","Device:D","Diode_SMD:D_SOD-323_HandSoldering","~"
"","","D304","D","Device:D","Diode_SMD:D_SOD-323_HandSoldering","~"
"","","D305","D","Device:D","Diode_SMD:D_SOD-323_HandSoldering","~"
"","","D306","D","Device:D","Diode_SMD:D_SOD-323_HandSoldering","~"
"","","D307","D","Device:D","Diode_SMD:D_SOD-323_HandSoldering","~"
"","","D308","D","Device:D","Diode_SMD:D_SOD-323_HandSoldering","~"
"","","D309","D","Device:D","Diode_SMD:D_SOD-323_HandSoldering","~"
"","","D401","D","Device:D","Diode_SMD:D_SOD-323_HandSoldering","~"
"","","D402","D","Device:D","Diode_SMD:D_SOD-323_HandSoldering","~"
"","","D403","D","Device:D","Diode_SMD:D_SOD-323_HandSoldering","~"
"","","D404","D","Device:D","Diode_SMD:D_SOD-323_HandSoldering","~"
"","","D405","D","Device:D","Diode_SMD:D_SOD-323_HandSoldering","~"
"","","D406","D","Device:D","Diode_SMD:D_SOD-323_HandSoldering","~"
"","","D407","D","Device:D","Diode_SMD:D_SOD-323_HandSoldering","~"
"","","D408","D","Device:D","Diode_SMD:D_SOD-323_HandSoldering","~"
"","","D409","D","Device:D","Diode_SMD:D_SOD-323_HandSoldering","~"
"","","Q0","2N7002","Transistor_FET:2N7002","Package_TO_SOT_SMD:SOT-23","https://www.onsemi.com/pub/Collateral/NDS7002A-D.PDF"
"","","Q1","2N7002","Transistor_FET:2N7002","Package_TO_SOT_SMD:SOT-23","https://www.onsemi.com/pub/Collateral/NDS7002A-D.PDF"
"","","Q2","2N7002","Transistor_FET:2N7002","Package_TO_SOT_SMD:SOT-23","https://www.onsemi.com/pub/Collateral/NDS7002A-D.PDF"
"","","Q3","2N7002","Transistor_FET:2N7002","Package_TO_SOT_SMD:SOT-23","https://www.onsemi.com/pub/Collateral/NDS7002A-D.PDF"
"","","Q4","2N7002","Transistor_FET:2N7002","Package_TO_SOT_SMD:SOT-23","https://www.onsemi.com/pub/Collateral/NDS7002A-D.PDF"
"","","Q5","2N7002","Transistor_FET:2N7002","Package_TO_SOT_SMD:SOT-23","https://www.onsemi.com/pub/Collateral/NDS7002A-D.PDF"
"","","Q6","2N7002","Transistor_FET:2N7002","Package_TO_SOT_SMD:SOT-23","https://www.onsemi.com/pub/Collateral/NDS7002A-D.PDF"
"","","Q7","2N7002","Transistor_FET:2N7002","Package_TO_SOT_SMD:SOT-23","https://www.onsemi.com/pub/Collateral/NDS7002A-D.PDF"
"","","Q8","2N7002","Transistor_FET:2N7002","Package_TO_SOT_SMD:SOT-23","https://www.onsemi.com/pub/Collateral/NDS7002A-D.PDF"
"","","Q9","2N7002","Transistor_FET:2N7002","Package_TO_SOT_SMD:SOT-23","https://www.onsemi.com/pub/Collateral/NDS7002A-D.PDF"
"","","Q201","2N7002","Transistor_FET:2N7002","Package_TO_SOT_SMD:SOT-23","https://www.onsemi.com/pub/Collateral/NDS7002A-D.PDF"
"","","Q202","2N7002","Transistor_FET:2N7002","Package_TO_SOT_SMD:SOT-23","https://www.onsemi.com/pub/Collateral/NDS7002A-D.PDF"
"","","Q203","2N7002","Transistor_FET:2N7002","Package_TO_SOT_SMD:SOT-23","https://www.onsemi.com/pub/Collateral/NDS7002A-D.PDF"
"","","Q204","2N7002","Transistor_FET:2N7002","Package_TO_SOT_SMD:SOT-23","https://www.onsemi.com/pub/Collateral/NDS7002A-D.PDF"
"","","Q205","2N7002","Transistor_FET:2N7002","Package_TO_SOT_SMD:SOT-23","https://www.onsemi.com/pub/Collateral/NDS7002A-D.PDF"
"","","Q206","2N7002","Transistor_FET:2N7002","Package_TO_SOT_SMD:SOT-23","https://www.onsemi.com/pub/Collateral/NDS7002A-D.PDF"
"","","Q207","2N7002","Transistor_FET:2N7002","Package_TO_SOT_SMD:SOT-23","https://www.onsemi.com/pub/Collateral/NDS7002A-D.PDF"
"","","Q208","2N7002","Transistor_FET:2N7002","Package_TO_SOT_SMD:SOT-23","https://www.onsemi.com/pub/Collateral/NDS7002A-D.PDF"
"","","Q209","2N7002","Transistor_FET:2N7002","Package_TO_SOT_SMD:SOT-23","https://www.onsemi.com/pub/Collateral/NDS7002A-D.PDF"
"","","Q210","2N7002","Transistor_FET:2N7002","Package_TO_SOT_SMD:SOT-23","https://www.onsemi.com/pub/Collateral/NDS7002A-D.PDF"
"","","Q301","2N7002","Transistor_FET:2N7002","Package_TO_SOT_SMD:SOT-23","https://www.onsemi.com/pub/Collateral/NDS7002A-D.PDF"
"","","Q302","2N7002","Transistor_FET:2N7002","Package_TO_SOT_SMD:SOT-23","https://www.onsemi.com/pub/Collateral/NDS7002A-D.PDF"
"","","Q303","2N7002","Transistor_FET:2N7002","Package_TO_SOT_SMD:SOT-23","https://www.onsemi.com/pub/Collateral/NDS7002A-D.PDF"
"","","Q304","2N7002","Transistor_FET:2N7002","Package_TO_SOT_SMD:SOT-23","https://www.onsemi.com/pub/Collateral/NDS7002A-D.PDF"
"","","Q305","2N7002","Transistor_FET:2N7002","Package_TO_SOT_SMD:SOT-23","https://www.onsemi.com/pub/Collateral/NDS7002A-D.PDF"
"","","Q306","2N7002","Transistor_FET:2N7002","Package_TO_SOT_SMD:SOT-23","https://www.onsemi.com/pub/Collateral/NDS7002A-D.PDF"
"","","Q307","2N7002","Transistor_FET:2N7002","Package_TO_SOT_SMD:SOT-23","https://www.onsemi.com/pub/Collateral/NDS7002A-D.PDF"
"","","Q308","2N7002","Transistor_FET:2N7002","Package_TO_SOT_SMD:SOT-23","https://www.onsemi.com/pub/Collateral/NDS7002A-D.PDF"
"","","Q309","2N7002","Transistor_FET:2N7002","Package_TO_SOT_SMD:SOT-23","https://www.onsemi.com/pub/Collateral/NDS7002A-D.PDF"
"","","Q310","2N7002","Transistor_FET:2N7002","Package_TO_SOT_SMD:SOT-23","https://www.onsemi.com/pub/Collateral/NDS7002A-D.PDF"
"","","Q401","2N7002","Transistor_FET:2N7002","Package_TO_SOT_SMD:SOT-23","https://www.onsemi.com/pub/Collateral/NDS7002A-D.PDF"
"","","Q402","2N7002","Transistor_FET:2N7002","Package_TO_SOT_SMD:SOT-23","https://www.onsemi.com/pub/Collateral/NDS7002A-D.PDF"
"","","Q403","2N7002","Transistor_FET:2N7002","Package_TO_SOT_SMD:SOT-23","https://www.onsemi.com/pub/Collateral/NDS7002A-D.PDF"
"","","Q404","2N7002","Transistor_FET:2N7002","Package_TO_SOT_SMD:SOT-23","https://www.onsemi.com/pub/Collateral/NDS7002A-D.PDF"
"","","Q405","2N7002","Transistor_FET:2N7002","Package_TO_SOT_SMD:SOT-23","https://www.onsemi.com/pub/Collateral/NDS7002A-D.PDF"
"","","Q406","2N7002","Transistor_FET:2N7002","Package_TO_SOT_SMD:SOT-23","https://www.onsemi.com/pub/Collateral/NDS7002A-D.PDF"
"","","Q407","2N7002","Transistor_FET:2N7002","Package_TO_SOT_SMD:SOT-23","https://www.onsemi.com/pub/Collateral/NDS7002A-D.PDF"
"","","Q408","2N7002","Transistor_FET:2N7002","Package_TO_SOT_SMD:SOT-23","https://www.onsemi.com/pub/Collateral/NDS7002A-D.PDF"
"","","Q409","2N7002","Transistor_FET:2N7002","Package_TO_SOT_SMD:SOT-23","https://www.onsemi.com/pub/Collateral/NDS7002A-D.PDF"
"","","Q410","2N7002","Transistor_FET:2N7002","Package_TO_SOT_SMD:SOT-23","https://www.onsemi.com/pub/Collateral/NDS7002A-D.PDF"
"","","RN0","R_Pack04","Device:R_Pack04","Resistor_SMD:R_Array_Convex_4x1206","~"
"","","RN1","R_Pack04","Device:R_Pack04","Resistor_SMD:R_Array_Convex_4x1206","~"
"","","RN2","R_Pack04","Device:R_Pack04","Resistor_SMD:R_Array_Convex_4x1206","~"
"","","RN201","R_Pack04","Device:R_Pack04","Resistor_SMD:R_Array_Convex_4x1206","~"
"","","RN301","R_Pack04","Device:R_Pack04","Resistor_SMD:R_Array_Convex_4x1206","~"
"","","RN401","R_Pack04","Device:R_Pack04","Resistor_SMD:R_Array_Convex_4x1206","~"



"Collated Components:"

"Item","Qty","Reference(s)","Value","LibPart","Footprint","Datasheet"
"1","1","C0","C","Device:C","Capacitor_SMD:C_0603_1608Metric_Pad1.08x0.95mm_HandSolder","~"
"2","36","D0, D1, D2, D3, D4, D5, D6, D7, D8, D201, D202, D203, D204, D205, D206, D207, D208, D209, D301, D302, D303, D304, D305, D306, D307, D308, D309, D401, D402, D403, D404, D405, D406, D407, D408, D409","D","Device:D","Diode_SMD:D_SOD-323_HandSoldering","~"
"3","40","Q0, Q1, Q2, Q3, Q4, Q5, Q6, Q7, Q8, Q9, Q201, Q202, Q203, Q204, Q205, Q206, Q207, Q208, Q209, Q210, Q301, Q302, Q303, Q304, Q305, Q306, Q307, Q308, Q309, Q310, Q401, Q402, Q403, Q404, Q405, Q406, Q407, Q408, Q409, Q410","2N7002","Transistor_FET:2N7002","Package_TO_SOT_SMD:SOT-23","https://www.onsemi.com/pub/Collateral/NDS7002A-D.PDF"
"4","6","RN0, RN1, RN2, RN201, RN301, RN401","R_Pack04","Device:R_Pack04","Resistor_SMD:R_Array_Convex_4x1206","~"
